id,ip_ttl,ip_totlen,t_mss,t_wsize,t_wscale,ip_flags_df,ip_dsfield,emb1,emb2,emb3,emb4,emb5,emb6,emb7,emb8,emb9,emb10,emb11,emb12,emb13,emb14,emb15,emb16,emb17,emb18,emb19,emb20,emb21,emb22,emb23,emb24,emb25,emb26,emb27,emb28,emb29,emb30,emb31,emb32,emb33,emb34,emb35,emb36,emb37,emb38,emb39,emb40,emb41,emb42,emb43,emb44,emb45,emb46,emb47,emb48,emb49,os
1,45.0,60.0,1460.0,29200.0,7.0,1.0,0.0,0.0,0.0,0.0,0.0,0.0,0.0,0.0,0.0,0.0,0.0,0.0,0.0,0.0,0.0,0.0,0.0,0.0,0.248935,1.8394,0.676676,0.0915782,0.0,0.0,0.0,0.0,0.0,0.0,1.8394,0.0,0.0,0.0,0.676676,0.0,1.8394,0.248935,0.0,0.0,0.0,1.8394,0.0,0.0,0.676676,0.0,0.0,0.0,0.0,0.0,0.0,0.0,Linux x86_64
2,45.0,60.0,1460.0,29200.0,7.0,1.0,0.0,0.0,0.0,0.0,0.0,0.0,0.0,0.0,0.0,0.0,0.0,0.0,0.0,0.0,0.0,0.0,0.0,0.0,0.248935,1.8394,0.676676,0.0915782,0.0,0.0,0.0,0.0,0.0,0.0,1.8394,0.0,0.0,0.0,0.676676,0.0,1.8394,0.248935,0.0,0.0,0.0,1.8394,0.0,0.0,0.676676,0.0,0.0,0.0,0.0,0.0,0.0,0.0,Linux x86_64
3,45.0,60.0,1460.0,29200.0,7.0,1.0,0.0,0.0,0.0,0.0,0.0,0.0,0.0,0.0,0.0,0.0,0.0,0.0,0.0,0.0,0.0,0.0,0.0,0.0,0.248935,1.8394,0.676676,0.0915782,0.0,0.0,0.0,0.0,0.0,0.0,1.8394,0.0,0.0,0.0,0.676676,0.0,1.8394,0.248935,0.0,0.0,0.0,1.8394,0.0,0.0,0.676676,0.0,0.0,0.0,0.0,0.0,0.0,0.0,Linux x86_64
4,45.0,60.0,1460.0,29200.0,7.0,1.0,0.0,0.0,0.0,0.0,0.0,0.0,0.0,0.0,0.0,0.0,0.0,0.0,0.0,0.0,0.0,0.0,0.0,0.0,0.248935,1.8394,0.676676,0.0915782,0.0,0.0,0.0,0.0,0.0,0.0,1.8394,0.0,0.0,0.0,0.676676,0.0,1.8394,0.248935,0.0,0.0,0.0,1.8394,0.0,0.0,0.676676,0.0,0.0,0.0,0.0,0.0,0.0,0.0,Linux x86_64
5,47.0,60.0,1460.0,64240.0,7.0,1.0,40.0,0.0,0.0,0.0,0.0,0.0,0.0,0.0,0.0,0.0,0.0,0.0,0.0,0.0,0.0,0.0,0.0,0.0,0.248935,1.8394,0.676676,0.0915782,0.0,0.0,0.0,0.0,0.0,0.0,1.8394,0.0,0.0,0.0,0.676676,0.0,1.8394,0.248935,0.0,0.0,0.0,1.8394,0.0,0.0,0.676676,0.0,0.0,0.0,0.0,0.0,0.0,0.0,Windows NT 6.1
6,48.0,60.0,1460.0,64240.0,7.0,1.0,0.0,0.0,0.0,0.0,0.0,0.0,0.0,0.0,0.0,0.0,0.0,0.0,0.0,0.0,0.0,0.0,0.0,0.0,0.248935,1.8394,0.676676,0.0915782,0.0,0.0,0.0,0.0,0.0,0.0,1.8394,0.0,0.0,0.0,0.676676,0.0,1.8394,0.248935,0.0,0.0,0.0,1.8394,0.0,0.0,0.676676,0.0,0.0,0.0,0.0,0.0,0.0,0.0,Windows NT 10.0
7,45.0,60.0,1460.0,29200.0,7.0,1.0,0.0,0.0,0.0,0.0,0.0,0.0,0.0,0.0,0.0,0.0,0.0,0.0,0.0,0.0,0.0,0.0,0.0,0.0,0.248935,1.8394,0.676676,0.0915782,0.0,0.0,0.0,0.0,0.0,0.0,1.8394,0.0,0.0,0.0,0.676676,0.0,1.8394,0.248935,0.0,0.0,0.0,1.8394,0.0,0.0,0.676676,0.0,0.0,0.0,0.0,0.0,0.0,0.0,Linux x86_64
8,48.0,60.0,1460.0,64240.0,7.0,1.0,0.0,0.0,0.0,0.0,0.0,0.0,0.0,0.0,0.0,0.0,0.0,0.0,0.0,0.0,0.0,0.0,0.0,0.0,0.248935,1.8394,0.676676,0.0915782,0.0,0.0,0.0,0.0,0.0,0.0,1.8394,0.0,0.0,0.0,0.676676,0.0,1.8394,0.248935,0.0,0.0,0.0,1.8394,0.0,0.0,0.676676,0.0,0.0,0.0,0.0,0.0,0.0,0.0,Windows NT 10.0
9,49.0,60.0,1460.0,64240.0,7.0,1.0,0.0,0.0,0.0,0.0,0.0,0.0,0.0,0.0,0.0,0.0,0.0,0.0,0.0,0.0,0.0,0.0,0.0,0.0,0.248935,1.8394,0.676676,0.0915782,0.0,0.0,0.0,0.0,0.0,0.0,1.8394,0.0,0.0,0.0,0.676676,0.0,1.8394,0.248935,0.0,0.0,0.0,1.8394,0.0,0.0,0.676676,0.0,0.0,0.0,0.0,0.0,0.0,0.0,Linux x86_64
10,49.0,60.0,1460.0,64240.0,7.0,1.0,0.0,0.0,0.0,0.0,0.0,0.0,0.0,0.0,0.0,0.0,0.0,0.0,0.0,0.0,0.0,0.0,0.0,0.0,0.248935,1.8394,0.676676,0.0915782,0.0,0.0,0.0,0.0,0.0,0.0,1.8394,0.0,0.0,0.0,0.676676,0.0,1.8394,0.248935,0.0,0.0,0.0,1.8394,0.0,0.0,0.676676,0.0,0.0,0.0,0.0,0.0,0.0,0.0,Windows NT 10.0
11,45.0,60.0,1460.0,29200.0,7.0,1.0,0.0,0.0,0.0,0.0,0.0,0.0,0.0,0.0,0.0,0.0,0.0,0.0,0.0,0.0,0.0,0.0,0.0,0.0,0.248935,1.8394,0.676676,0.0915782,0.0,0.0,0.0,0.0,0.0,0.0,1.8394,0.0,0.0,0.0,0.676676,0.0,1.8394,0.248935,0.0,0.0,0.0,1.8394,0.0,0.0,0.676676,0.0,0.0,0.0,0.0,0.0,0.0,0.0,Linux x86_64
12,46.0,60.0,1460.0,62727.0,7.0,1.0,0.0,0.0,0.0,0.0,0.0,0.0,0.0,0.0,0.0,0.0,0.0,0.0,0.0,0.0,0.0,0.0,0.0,0.0,0.248935,1.8394,0.676676,0.0915782,0.0,0.0,0.0,0.0,0.0,0.0,1.8394,0.0,0.0,0.0,0.676676,0.0,1.8394,0.248935,0.0,0.0,0.0,1.8394,0.0,0.0,0.676676,0.0,0.0,0.0,0.0,0.0,0.0,0.0,Mac OS X 10_11_5
13,45.0,60.0,1460.0,29200.0,7.0,1.0,0.0,0.0,0.0,0.0,0.0,0.0,0.0,0.0,0.0,0.0,0.0,0.0,0.0,0.0,0.0,0.0,0.0,0.0,0.248935,1.8394,0.676676,0.0915782,0.0,0.0,0.0,0.0,0.0,0.0,1.8394,0.0,0.0,0.0,0.676676,0.0,1.8394,0.248935,0.0,0.0,0.0,1.8394,0.0,0.0,0.676676,0.0,0.0,0.0,0.0,0.0,0.0,0.0,Linux x86_64
14,45.0,60.0,1460.0,29200.0,7.0,1.0,0.0,0.0,0.0,0.0,0.0,0.0,0.0,0.0,0.0,0.0,0.0,0.0,0.0,0.0,0.0,0.0,0.0,0.0,0.248935,1.8394,0.676676,0.0915782,0.0,0.0,0.0,0.0,0.0,0.0,1.8394,0.0,0.0,0.0,0.676676,0.0,1.8394,0.248935,0.0,0.0,0.0,1.8394,0.0,0.0,0.676676,0.0,0.0,0.0,0.0,0.0,0.0,0.0,Linux x86_64
15,45.0,60.0,1460.0,29200.0,7.0,1.0,0.0,0.0,0.0,0.0,0.0,0.0,0.0,0.0,0.0,0.0,0.0,0.0,0.0,0.0,0.0,0.0,0.0,0.0,0.248935,1.8394,0.676676,0.0915782,0.0,0.0,0.0,0.0,0.0,0.0,1.8394,0.0,0.0,0.0,0.676676,0.0,1.8394,0.248935,0.0,0.0,0.0,1.8394,0.0,0.0,0.676676,0.0,0.0,0.0,0.0,0.0,0.0,0.0,Linux x86_64
16,45.0,60.0,1460.0,29200.0,7.0,1.0,0.0,0.0,0.0,0.0,0.0,0.0,0.0,0.0,0.0,0.0,0.0,0.0,0.0,0.0,0.0,0.0,0.0,0.0,0.248935,1.8394,0.676676,0.0915782,0.0,0.0,0.0,0.0,0.0,0.0,1.8394,0.0,0.0,0.0,0.676676,0.0,1.8394,0.248935,0.0,0.0,0.0,1.8394,0.0,0.0,0.676676,0.0,0.0,0.0,0.0,0.0,0.0,0.0,Linux x86_64
17,45.0,60.0,1460.0,29200.0,7.0,1.0,0.0,0.0,0.0,0.0,0.0,0.0,0.0,0.0,0.0,0.0,0.0,0.0,0.0,0.0,0.0,0.0,0.0,0.0,0.248935,1.8394,0.676676,0.0915782,0.0,0.0,0.0,0.0,0.0,0.0,1.8394,0.0,0.0,0.0,0.676676,0.0,1.8394,0.248935,0.0,0.0,0.0,1.8394,0.0,0.0,0.676676,0.0,0.0,0.0,0.0,0.0,0.0,0.0,Linux x86_64
18,45.0,60.0,1460.0,29200.0,7.0,1.0,0.0,0.0,0.0,0.0,0.0,0.0,0.0,0.0,0.0,0.0,0.0,0.0,0.0,0.0,0.0,0.0,0.0,0.0,0.248935,1.8394,0.676676,0.0915782,0.0,0.0,0.0,0.0,0.0,0.0,1.8394,0.0,0.0,0.0,0.676676,0.0,1.8394,0.248935,0.0,0.0,0.0,1.8394,0.0,0.0,0.676676,0.0,0.0,0.0,0.0,0.0,0.0,0.0,Linux x86_64
19,45.0,60.0,1460.0,29200.0,7.0,1.0,0.0,0.0,0.0,0.0,0.0,0.0,0.0,0.0,0.0,0.0,0.0,0.0,0.0,0.0,0.0,0.0,0.0,0.0,0.248935,1.8394,0.676676,0.0915782,0.0,0.0,0.0,0.0,0.0,0.0,1.8394,0.0,0.0,0.0,0.676676,0.0,1.8394,0.248935,0.0,0.0,0.0,1.8394,0.0,0.0,0.676676,0.0,0.0,0.0,0.0,0.0,0.0,0.0,Linux x86_64
20,43.0,60.0,1460.0,62727.0,7.0,1.0,0.0,0.0,0.0,0.0,0.0,0.0,0.0,0.0,0.0,0.0,0.0,0.0,0.0,0.0,0.0,0.0,0.0,0.0,0.248935,1.8394,0.676676,0.0915782,0.0,0.0,0.0,0.0,0.0,0.0,1.8394,0.0,0.0,0.0,0.676676,0.0,1.8394,0.248935,0.0,0.0,0.0,1.8394,0.0,0.0,0.676676,0.0,0.0,0.0,0.0,0.0,0.0,0.0,Mac OS X 10_11_5
21,48.0,60.0,1460.0,64240.0,7.0,1.0,0.0,0.0,0.0,0.0,0.0,0.0,0.0,0.0,0.0,0.0,0.0,0.0,0.0,0.0,0.0,0.0,0.0,0.0,0.248935,1.8394,0.676676,0.0915782,0.0,0.0,0.0,0.0,0.0,0.0,1.8394,0.0,0.0,0.0,0.676676,0.0,1.8394,0.248935,0.0,0.0,0.0,1.8394,0.0,0.0,0.676676,0.0,0.0,0.0,0.0,0.0,0.0,0.0,Windows NT 10.0
22,45.0,60.0,1460.0,29200.0,7.0,1.0,0.0,0.0,0.0,0.0,0.0,0.0,0.0,0.0,0.0,0.0,0.0,0.0,0.0,0.0,0.0,0.0,0.0,0.0,0.248935,1.8394,0.676676,0.0915782,0.0,0.0,0.0,0.0,0.0,0.0,1.8394,0.0,0.0,0.0,0.676676,0.0,1.8394,0.248935,0.0,0.0,0.0,1.8394,0.0,0.0,0.676676,0.0,0.0,0.0,0.0,0.0,0.0,0.0,Linux x86_64
23,45.0,60.0,1460.0,29200.0,7.0,1.0,0.0,0.0,0.0,0.0,0.0,0.0,0.0,0.0,0.0,0.0,0.0,0.0,0.0,0.0,0.0,0.0,0.0,0.0,0.248935,1.8394,0.676676,0.0915782,0.0,0.0,0.0,0.0,0.0,0.0,1.8394,0.0,0.0,0.0,0.676676,0.0,1.8394,0.248935,0.0,0.0,0.0,1.8394,0.0,0.0,0.676676,0.0,0.0,0.0,0.0,0.0,0.0,0.0,Linux x86_64
24,45.0,60.0,1460.0,29200.0,7.0,1.0,0.0,0.0,0.0,0.0,0.0,0.0,0.0,0.0,0.0,0.0,0.0,0.0,0.0,0.0,0.0,0.0,0.0,0.0,0.248935,1.8394,0.676676,0.0915782,0.0,0.0,0.0,0.0,0.0,0.0,1.8394,0.0,0.0,0.0,0.676676,0.0,1.8394,0.248935,0.0,0.0,0.0,1.8394,0.0,0.0,0.676676,0.0,0.0,0.0,0.0,0.0,0.0,0.0,Linux x86_64
25,45.0,60.0,1460.0,29200.0,7.0,1.0,0.0,0.0,0.0,0.0,0.0,0.0,0.0,0.0,0.0,0.0,0.0,0.0,0.0,0.0,0.0,0.0,0.0,0.0,0.248935,1.8394,0.676676,0.0915782,0.0,0.0,0.0,0.0,0.0,0.0,1.8394,0.0,0.0,0.0,0.676676,0.0,1.8394,0.248935,0.0,0.0,0.0,1.8394,0.0,0.0,0.676676,0.0,0.0,0.0,0.0,0.0,0.0,0.0,Linux x86_64
26,45.0,60.0,1460.0,29200.0,7.0,1.0,0.0,0.0,0.0,0.0,0.0,0.0,0.0,0.0,0.0,0.0,0.0,0.0,0.0,0.0,0.0,0.0,0.0,0.0,0.248935,1.8394,0.676676,0.0915782,0.0,0.0,0.0,0.0,0.0,0.0,1.8394,0.0,0.0,0.0,0.676676,0.0,1.8394,0.248935,0.0,0.0,0.0,1.8394,0.0,0.0,0.676676,0.0,0.0,0.0,0.0,0.0,0.0,0.0,Linux x86_64
27,45.0,60.0,1460.0,29200.0,7.0,1.0,0.0,0.0,0.0,0.0,0.0,0.0,0.0,0.0,0.0,0.0,0.0,0.0,0.0,0.0,0.0,0.0,0.0,0.0,0.248935,1.8394,0.676676,0.0915782,0.0,0.0,0.0,0.0,0.0,0.0,1.8394,0.0,0.0,0.0,0.676676,0.0,1.8394,0.248935,0.0,0.0,0.0,1.8394,0.0,0.0,0.676676,0.0,0.0,0.0,0.0,0.0,0.0,0.0,Linux x86_64
28,45.0,60.0,1460.0,29200.0,7.0,1.0,0.0,0.0,0.0,0.0,0.0,0.0,0.0,0.0,0.0,0.0,0.0,0.0,0.0,0.0,0.0,0.0,0.0,0.0,0.248935,1.8394,0.676676,0.0915782,0.0,0.0,0.0,0.0,0.0,0.0,1.8394,0.0,0.0,0.0,0.676676,0.0,1.8394,0.248935,0.0,0.0,0.0,1.8394,0.0,0.0,0.676676,0.0,0.0,0.0,0.0,0.0,0.0,0.0,Linux x86_64
29,45.0,60.0,1460.0,29200.0,7.0,1.0,0.0,0.0,0.0,0.0,0.0,0.0,0.0,0.0,0.0,0.0,0.0,0.0,0.0,0.0,0.0,0.0,0.0,0.0,0.248935,1.8394,0.676676,0.0915782,0.0,0.0,0.0,0.0,0.0,0.0,1.8394,0.0,0.0,0.0,0.676676,0.0,1.8394,0.248935,0.0,0.0,0.0,1.8394,0.0,0.0,0.676676,0.0,0.0,0.0,0.0,0.0,0.0,0.0,Linux x86_64
30,45.0,60.0,1460.0,29200.0,7.0,1.0,0.0,0.0,0.0,0.0,0.0,0.0,0.0,0.0,0.0,0.0,0.0,0.0,0.0,0.0,0.0,0.0,0.0,0.0,0.248935,1.8394,0.676676,0.0915782,0.0,0.0,0.0,0.0,0.0,0.0,1.8394,0.0,0.0,0.0,0.676676,0.0,1.8394,0.248935,0.0,0.0,0.0,1.8394,0.0,0.0,0.676676,0.0,0.0,0.0,0.0,0.0,0.0,0.0,Linux x86_64
31,48.0,60.0,1460.0,64240.0,7.0,1.0,0.0,0.0,0.0,0.0,0.0,0.0,0.0,0.0,0.0,0.0,0.0,0.0,0.0,0.0,0.0,0.0,0.0,0.0,0.248935,1.8394,0.676676,0.0915782,0.0,0.0,0.0,0.0,0.0,0.0,1.8394,0.0,0.0,0.0,0.676676,0.0,1.8394,0.248935,0.0,0.0,0.0,1.8394,0.0,0.0,0.676676,0.0,0.0,0.0,0.0,0.0,0.0,0.0,Windows NT 10.0
32,45.0,60.0,1460.0,29200.0,7.0,1.0,0.0,0.0,0.0,0.0,0.0,0.0,0.0,0.0,0.0,0.0,0.0,0.0,0.0,0.0,0.0,0.0,0.0,0.0,0.248935,1.8394,0.676676,0.0915782,0.0,0.0,0.0,0.0,0.0,0.0,1.8394,0.0,0.0,0.0,0.676676,0.0,1.8394,0.248935,0.0,0.0,0.0,1.8394,0.0,0.0,0.676676,0.0,0.0,0.0,0.0,0.0,0.0,0.0,Linux x86_64
33,45.0,60.0,1460.0,29200.0,7.0,1.0,0.0,0.0,0.0,0.0,0.0,0.0,0.0,0.0,0.0,0.0,0.0,0.0,0.0,0.0,0.0,0.0,0.0,0.0,0.248935,1.8394,0.676676,0.0915782,0.0,0.0,0.0,0.0,0.0,0.0,1.8394,0.0,0.0,0.0,0.676676,0.0,1.8394,0.248935,0.0,0.0,0.0,1.8394,0.0,0.0,0.676676,0.0,0.0,0.0,0.0,0.0,0.0,0.0,Linux x86_64
34,45.0,60.0,1460.0,29200.0,7.0,1.0,0.0,0.0,0.0,0.0,0.0,0.0,0.0,0.0,0.0,0.0,0.0,0.0,0.0,0.0,0.0,0.0,0.0,0.0,0.248935,1.8394,0.676676,0.0915782,0.0,0.0,0.0,0.0,0.0,0.0,1.8394,0.0,0.0,0.0,0.676676,0.0,1.8394,0.248935,0.0,0.0,0.0,1.8394,0.0,0.0,0.676676,0.0,0.0,0.0,0.0,0.0,0.0,0.0,Linux x86_64
35,45.0,60.0,1460.0,29200.0,7.0,1.0,0.0,0.0,0.0,0.0,0.0,0.0,0.0,0.0,0.0,0.0,0.0,0.0,0.0,0.0,0.0,0.0,0.0,0.0,0.248935,1.8394,0.676676,0.0915782,0.0,0.0,0.0,0.0,0.0,0.0,1.8394,0.0,0.0,0.0,0.676676,0.0,1.8394,0.248935,0.0,0.0,0.0,1.8394,0.0,0.0,0.676676,0.0,0.0,0.0,0.0,0.0,0.0,0.0,Linux x86_64
36,45.0,60.0,1460.0,29200.0,7.0,1.0,0.0,0.0,0.0,0.0,0.0,0.0,0.0,0.0,0.0,0.0,0.0,0.0,0.0,0.0,0.0,0.0,0.0,0.0,0.248935,1.8394,0.676676,0.0915782,0.0,0.0,0.0,0.0,0.0,0.0,1.8394,0.0,0.0,0.0,0.676676,0.0,1.8394,0.248935,0.0,0.0,0.0,1.8394,0.0,0.0,0.676676,0.0,0.0,0.0,0.0,0.0,0.0,0.0,Linux x86_64
37,45.0,60.0,1460.0,29200.0,7.0,1.0,0.0,0.0,0.0,0.0,0.0,0.0,0.0,0.0,0.0,0.0,0.0,0.0,0.0,0.0,0.0,0.0,0.0,0.0,0.248935,1.8394,0.676676,0.0915782,0.0,0.0,0.0,0.0,0.0,0.0,1.8394,0.0,0.0,0.0,0.676676,0.0,1.8394,0.248935,0.0,0.0,0.0,1.8394,0.0,0.0,0.676676,0.0,0.0,0.0,0.0,0.0,0.0,0.0,Linux x86_64
38,45.0,60.0,1460.0,29200.0,7.0,1.0,0.0,0.0,0.0,0.0,0.0,0.0,0.0,0.0,0.0,0.0,0.0,0.0,0.0,0.0,0.0,0.0,0.0,0.0,0.248935,1.8394,0.676676,0.0915782,0.0,0.0,0.0,0.0,0.0,0.0,1.8394,0.0,0.0,0.0,0.676676,0.0,1.8394,0.248935,0.0,0.0,0.0,1.8394,0.0,0.0,0.676676,0.0,0.0,0.0,0.0,0.0,0.0,0.0,Linux x86_64
39,45.0,60.0,1460.0,29200.0,7.0,1.0,0.0,0.0,0.0,0.0,0.0,0.0,0.0,0.0,0.0,0.0,0.0,0.0,0.0,0.0,0.0,0.0,0.0,0.0,0.248935,1.8394,0.676676,0.0915782,0.0,0.0,0.0,0.0,0.0,0.0,1.8394,0.0,0.0,0.0,0.676676,0.0,1.8394,0.248935,0.0,0.0,0.0,1.8394,0.0,0.0,0.676676,0.0,0.0,0.0,0.0,0.0,0.0,0.0,Linux x86_64
40,47.0,60.0,1460.0,64240.0,7.0,1.0,40.0,0.0,0.0,0.0,0.0,0.0,0.0,0.0,0.0,0.0,0.0,0.0,0.0,0.0,0.0,0.0,0.0,0.0,0.248935,1.8394,0.676676,0.0915782,0.0,0.0,0.0,0.0,0.0,0.0,1.8394,0.0,0.0,0.0,0.676676,0.0,1.8394,0.248935,0.0,0.0,0.0,1.8394,0.0,0.0,0.676676,0.0,0.0,0.0,0.0,0.0,0.0,0.0,Windows NT 6.1
41,45.0,60.0,1460.0,29200.0,7.0,1.0,0.0,0.0,0.0,0.0,0.0,0.0,0.0,0.0,0.0,0.0,0.0,0.0,0.0,0.0,0.0,0.0,0.0,0.0,0.248935,1.8394,0.676676,0.0915782,0.0,0.0,0.0,0.0,0.0,0.0,1.8394,0.0,0.0,0.0,0.676676,0.0,1.8394,0.248935,0.0,0.0,0.0,1.8394,0.0,0.0,0.676676,0.0,0.0,0.0,0.0,0.0,0.0,0.0,Linux x86_64
42,45.0,60.0,1460.0,29200.0,7.0,1.0,0.0,0.0,0.0,0.0,0.0,0.0,0.0,0.0,0.0,0.0,0.0,0.0,0.0,0.0,0.0,0.0,0.0,0.0,0.248935,1.8394,0.676676,0.0915782,0.0,0.0,0.0,0.0,0.0,0.0,1.8394,0.0,0.0,0.0,0.676676,0.0,1.8394,0.248935,0.0,0.0,0.0,1.8394,0.0,0.0,0.676676,0.0,0.0,0.0,0.0,0.0,0.0,0.0,Linux x86_64
43,45.0,60.0,1460.0,29200.0,7.0,1.0,0.0,0.0,0.0,0.0,0.0,0.0,0.0,0.0,0.0,0.0,0.0,0.0,0.0,0.0,0.0,0.0,0.0,0.0,0.248935,1.8394,0.676676,0.0915782,0.0,0.0,0.0,0.0,0.0,0.0,1.8394,0.0,0.0,0.0,0.676676,0.0,1.8394,0.248935,0.0,0.0,0.0,1.8394,0.0,0.0,0.676676,0.0,0.0,0.0,0.0,0.0,0.0,0.0,Linux x86_64
44,45.0,60.0,1460.0,29200.0,7.0,1.0,0.0,0.0,0.0,0.0,0.0,0.0,0.0,0.0,0.0,0.0,0.0,0.0,0.0,0.0,0.0,0.0,0.0,0.0,0.248935,1.8394,0.676676,0.0915782,0.0,0.0,0.0,0.0,0.0,0.0,1.8394,0.0,0.0,0.0,0.676676,0.0,1.8394,0.248935,0.0,0.0,0.0,1.8394,0.0,0.0,0.676676,0.0,0.0,0.0,0.0,0.0,0.0,0.0,Linux x86_64
45,45.0,60.0,1460.0,29200.0,7.0,1.0,0.0,0.0,0.0,0.0,0.0,0.0,0.0,0.0,0.0,0.0,0.0,0.0,0.0,0.0,0.0,0.0,0.0,0.0,0.248935,1.8394,0.676676,0.0915782,0.0,0.0,0.0,0.0,0.0,0.0,1.8394,0.0,0.0,0.0,0.676676,0.0,1.8394,0.248935,0.0,0.0,0.0,1.8394,0.0,0.0,0.676676,0.0,0.0,0.0,0.0,0.0,0.0,0.0,Linux x86_64
46,45.0,60.0,1460.0,29200.0,7.0,1.0,0.0,0.0,0.0,0.0,0.0,0.0,0.0,0.0,0.0,0.0,0.0,0.0,0.0,0.0,0.0,0.0,0.0,0.0,0.248935,1.8394,0.676676,0.0915782,0.0,0.0,0.0,0.0,0.0,0.0,1.8394,0.0,0.0,0.0,0.676676,0.0,1.8394,0.248935,0.0,0.0,0.0,1.8394,0.0,0.0,0.676676,0.0,0.0,0.0,0.0,0.0,0.0,0.0,Linux x86_64
47,45.0,60.0,1460.0,62727.0,7.0,1.0,0.0,0.0,0.0,0.0,0.0,0.0,0.0,0.0,0.0,0.0,0.0,0.0,0.0,0.0,0.0,0.0,0.0,0.0,0.248935,1.8394,0.676676,0.0915782,0.0,0.0,0.0,0.0,0.0,0.0,1.8394,0.0,0.0,0.0,0.676676,0.0,1.8394,0.248935,0.0,0.0,0.0,1.8394,0.0,0.0,0.676676,0.0,0.0,0.0,0.0,0.0,0.0,0.0,Mac OS X 10_11_5
48,45.0,60.0,1460.0,29200.0,7.0,1.0,0.0,0.0,0.0,0.0,0.0,0.0,0.0,0.0,0.0,0.0,0.0,0.0,0.0,0.0,0.0,0.0,0.0,0.0,0.248935,1.8394,0.676676,0.0915782,0.0,0.0,0.0,0.0,0.0,0.0,1.8394,0.0,0.0,0.0,0.676676,0.0,1.8394,0.248935,0.0,0.0,0.0,1.8394,0.0,0.0,0.676676,0.0,0.0,0.0,0.0,0.0,0.0,0.0,Linux x86_64
49,45.0,60.0,1460.0,29200.0,7.0,1.0,0.0,0.0,0.0,0.0,0.0,0.0,0.0,0.0,0.0,0.0,0.0,0.0,0.0,0.0,0.0,0.0,0.0,0.0,0.248935,1.8394,0.676676,0.0915782,0.0,0.0,0.0,0.0,0.0,0.0,1.8394,0.0,0.0,0.0,0.676676,0.0,1.8394,0.248935,0.0,0.0,0.0,1.8394,0.0,0.0,0.676676,0.0,0.0,0.0,0.0,0.0,0.0,0.0,Linux x86_64
50,52.0,60.0,1400.0,64240.0,7.0,1.0,0.0,0.0,0.0,0.0,0.0,0.0,0.0,0.0,0.0,0.0,0.0,0.0,0.0,0.0,0.0,0.0,0.0,0.0,0.248935,1.8394,0.676676,0.0915782,0.0,0.0,0.0,0.0,0.0,0.0,1.8394,0.0,0.0,0.0,0.676676,0.0,1.8394,0.248935,0.0,0.0,0.0,1.8394,0.0,0.0,0.676676,0.0,0.0,0.0,0.0,0.0,0.0,0.0,Linux x86_64
51,45.0,60.0,1460.0,29200.0,7.0,1.0,0.0,0.0,0.0,0.0,0.0,0.0,0.0,0.0,0.0,0.0,0.0,0.0,0.0,0.0,0.0,0.0,0.0,0.0,0.248935,1.8394,0.676676,0.0915782,0.0,0.0,0.0,0.0,0.0,0.0,1.8394,0.0,0.0,0.0,0.676676,0.0,1.8394,0.248935,0.0,0.0,0.0,1.8394,0.0,0.0,0.676676,0.0,0.0,0.0,0.0,0.0,0.0,0.0,Linux x86_64
52,45.0,60.0,1460.0,29200.0,7.0,1.0,0.0,0.0,0.0,0.0,0.0,0.0,0.0,0.0,0.0,0.0,0.0,0.0,0.0,0.0,0.0,0.0,0.0,0.0,0.248935,1.8394,0.676676,0.0915782,0.0,0.0,0.0,0.0,0.0,0.0,1.8394,0.0,0.0,0.0,0.676676,0.0,1.8394,0.248935,0.0,0.0,0.0,1.8394,0.0,0.0,0.676676,0.0,0.0,0.0,0.0,0.0,0.0,0.0,Linux x86_64
53,51.0,60.0,1400.0,64240.0,7.0,1.0,0.0,0.0,0.0,0.0,0.0,0.0,0.0,0.0,0.0,0.0,0.0,0.0,0.0,0.0,0.0,0.0,0.0,0.0,0.248935,1.8394,0.676676,0.0915782,0.0,0.0,0.0,0.0,0.0,0.0,1.8394,0.0,0.0,0.0,0.676676,0.0,1.8394,0.248935,0.0,0.0,0.0,1.8394,0.0,0.0,0.676676,0.0,0.0,0.0,0.0,0.0,0.0,0.0,Linux x86_64
54,52.0,60.0,1400.0,64240.0,7.0,1.0,0.0,0.0,0.0,0.0,0.0,0.0,0.0,0.0,0.0,0.0,0.0,0.0,0.0,0.0,0.0,0.0,0.0,0.0,0.248935,1.8394,0.676676,0.0915782,0.0,0.0,0.0,0.0,0.0,0.0,1.8394,0.0,0.0,0.0,0.676676,0.0,1.8394,0.248935,0.0,0.0,0.0,1.8394,0.0,0.0,0.676676,0.0,0.0,0.0,0.0,0.0,0.0,0.0,Linux x86_64
55,45.0,60.0,1460.0,29200.0,7.0,1.0,0.0,0.0,0.0,0.0,0.0,0.0,0.0,0.0,0.0,0.0,0.0,0.0,0.0,0.0,0.0,0.0,0.0,0.0,0.248935,1.8394,0.676676,0.0915782,0.0,0.0,0.0,0.0,0.0,0.0,1.8394,0.0,0.0,0.0,0.676676,0.0,1.8394,0.248935,0.0,0.0,0.0,1.8394,0.0,0.0,0.676676,0.0,0.0,0.0,0.0,0.0,0.0,0.0,Linux x86_64
56,50.0,60.0,1460.0,64240.0,7.0,1.0,0.0,0.0,0.0,0.0,0.0,0.0,0.0,0.0,0.0,0.0,0.0,0.0,0.0,0.0,0.0,0.0,0.0,0.0,0.248935,1.8394,0.676676,0.0915782,0.0,0.0,0.0,0.0,0.0,0.0,1.8394,0.0,0.0,0.0,0.676676,0.0,1.8394,0.248935,0.0,0.0,0.0,1.8394,0.0,0.0,0.676676,0.0,0.0,0.0,0.0,0.0,0.0,0.0,Windows NT 6.1
57,45.0,60.0,1460.0,29200.0,7.0,1.0,0.0,0.0,0.0,0.0,0.0,0.0,0.0,0.0,0.0,0.0,0.0,0.0,0.0,0.0,0.0,0.0,0.0,0.0,0.248935,1.8394,0.676676,0.0915782,0.0,0.0,0.0,0.0,0.0,0.0,1.8394,0.0,0.0,0.0,0.676676,0.0,1.8394,0.248935,0.0,0.0,0.0,1.8394,0.0,0.0,0.676676,0.0,0.0,0.0,0.0,0.0,0.0,0.0,Linux x86_64
58,45.0,60.0,1460.0,29200.0,7.0,1.0,0.0,0.0,0.0,0.0,0.0,0.0,0.0,0.0,0.0,0.0,0.0,0.0,0.0,0.0,0.0,0.0,0.0,0.0,0.248935,1.8394,0.676676,0.0915782,0.0,0.0,0.0,0.0,0.0,0.0,1.8394,0.0,0.0,0.0,0.676676,0.0,1.8394,0.248935,0.0,0.0,0.0,1.8394,0.0,0.0,0.676676,0.0,0.0,0.0,0.0,0.0,0.0,0.0,Linux x86_64
59,48.0,60.0,1460.0,64240.0,7.0,1.0,40.0,0.0,0.0,0.0,0.0,0.0,0.0,0.0,0.0,0.0,0.0,0.0,0.0,0.0,0.0,0.0,0.0,0.0,0.248935,1.8394,0.676676,0.0915782,0.0,0.0,0.0,0.0,0.0,0.0,1.8394,0.0,0.0,0.0,0.676676,0.0,1.8394,0.248935,0.0,0.0,0.0,1.8394,0.0,0.0,0.676676,0.0,0.0,0.0,0.0,0.0,0.0,0.0,Windows NT 6.1
60,45.0,60.0,1460.0,29200.0,7.0,1.0,0.0,0.0,0.0,0.0,0.0,0.0,0.0,0.0,0.0,0.0,0.0,0.0,0.0,0.0,0.0,0.0,0.0,0.0,0.248935,1.8394,0.676676,0.0915782,0.0,0.0,0.0,0.0,0.0,0.0,1.8394,0.0,0.0,0.0,0.676676,0.0,1.8394,0.248935,0.0,0.0,0.0,1.8394,0.0,0.0,0.676676,0.0,0.0,0.0,0.0,0.0,0.0,0.0,Linux x86_64
61,48.0,60.0,1460.0,64240.0,7.0,1.0,0.0,0.0,0.0,0.0,0.0,0.0,0.0,0.0,0.0,0.0,0.0,0.0,0.0,0.0,0.0,0.0,0.0,0.0,0.248935,1.8394,0.676676,0.0915782,0.0,0.0,0.0,0.0,0.0,0.0,1.8394,0.0,0.0,0.0,0.676676,0.0,1.8394,0.248935,0.0,0.0,0.0,1.8394,0.0,0.0,0.676676,0.0,0.0,0.0,0.0,0.0,0.0,0.0,Windows NT 10.0
62,45.0,60.0,1460.0,29200.0,7.0,1.0,0.0,0.0,0.0,0.0,0.0,0.0,0.0,0.0,0.0,0.0,0.0,0.0,0.0,0.0,0.0,0.0,0.0,0.0,0.248935,1.8394,0.676676,0.0915782,0.0,0.0,0.0,0.0,0.0,0.0,1.8394,0.0,0.0,0.0,0.676676,0.0,1.8394,0.248935,0.0,0.0,0.0,1.8394,0.0,0.0,0.676676,0.0,0.0,0.0,0.0,0.0,0.0,0.0,Linux x86_64
63,45.0,60.0,1460.0,29200.0,7.0,1.0,0.0,0.0,0.0,0.0,0.0,0.0,0.0,0.0,0.0,0.0,0.0,0.0,0.0,0.0,0.0,0.0,0.0,0.0,0.248935,1.8394,0.676676,0.0915782,0.0,0.0,0.0,0.0,0.0,0.0,1.8394,0.0,0.0,0.0,0.676676,0.0,1.8394,0.248935,0.0,0.0,0.0,1.8394,0.0,0.0,0.676676,0.0,0.0,0.0,0.0,0.0,0.0,0.0,Linux x86_64
64,45.0,60.0,1460.0,29200.0,7.0,1.0,0.0,0.0,0.0,0.0,0.0,0.0,0.0,0.0,0.0,0.0,0.0,0.0,0.0,0.0,0.0,0.0,0.0,0.0,0.248935,1.8394,0.676676,0.0915782,0.0,0.0,0.0,0.0,0.0,0.0,1.8394,0.0,0.0,0.0,0.676676,0.0,1.8394,0.248935,0.0,0.0,0.0,1.8394,0.0,0.0,0.676676,0.0,0.0,0.0,0.0,0.0,0.0,0.0,Linux x86_64
65,45.0,60.0,1460.0,29200.0,7.0,1.0,0.0,0.0,0.0,0.0,0.0,0.0,0.0,0.0,0.0,0.0,0.0,0.0,0.0,0.0,0.0,0.0,0.0,0.0,0.248935,1.8394,0.676676,0.0915782,0.0,0.0,0.0,0.0,0.0,0.0,1.8394,0.0,0.0,0.0,0.676676,0.0,1.8394,0.248935,0.0,0.0,0.0,1.8394,0.0,0.0,0.676676,0.0,0.0,0.0,0.0,0.0,0.0,0.0,Linux x86_64
66,45.0,60.0,1460.0,29200.0,7.0,1.0,0.0,0.0,0.0,0.0,0.0,0.0,0.0,0.0,0.0,0.0,0.0,0.0,0.0,0.0,0.0,0.0,0.0,0.0,0.248935,1.8394,0.676676,0.0915782,0.0,0.0,0.0,0.0,0.0,0.0,1.8394,0.0,0.0,0.0,0.676676,0.0,1.8394,0.248935,0.0,0.0,0.0,1.8394,0.0,0.0,0.676676,0.0,0.0,0.0,0.0,0.0,0.0,0.0,Linux x86_64
67,45.0,60.0,1460.0,29200.0,7.0,1.0,0.0,0.0,0.0,0.0,0.0,0.0,0.0,0.0,0.0,0.0,0.0,0.0,0.0,0.0,0.0,0.0,0.0,0.0,0.248935,1.8394,0.676676,0.0915782,0.0,0.0,0.0,0.0,0.0,0.0,1.8394,0.0,0.0,0.0,0.676676,0.0,1.8394,0.248935,0.0,0.0,0.0,1.8394,0.0,0.0,0.676676,0.0,0.0,0.0,0.0,0.0,0.0,0.0,Linux x86_64
68,45.0,60.0,1460.0,29200.0,7.0,1.0,0.0,0.0,0.0,0.0,0.0,0.0,0.0,0.0,0.0,0.0,0.0,0.0,0.0,0.0,0.0,0.0,0.0,0.0,0.248935,1.8394,0.676676,0.0915782,0.0,0.0,0.0,0.0,0.0,0.0,1.8394,0.0,0.0,0.0,0.676676,0.0,1.8394,0.248935,0.0,0.0,0.0,1.8394,0.0,0.0,0.676676,0.0,0.0,0.0,0.0,0.0,0.0,0.0,Linux x86_64
69,45.0,60.0,1460.0,29200.0,7.0,1.0,0.0,0.0,0.0,0.0,0.0,0.0,0.0,0.0,0.0,0.0,0.0,0.0,0.0,0.0,0.0,0.0,0.0,0.0,0.248935,1.8394,0.676676,0.0915782,0.0,0.0,0.0,0.0,0.0,0.0,1.8394,0.0,0.0,0.0,0.676676,0.0,1.8394,0.248935,0.0,0.0,0.0,1.8394,0.0,0.0,0.676676,0.0,0.0,0.0,0.0,0.0,0.0,0.0,Linux x86_64
70,45.0,60.0,1460.0,29200.0,7.0,1.0,0.0,0.0,0.0,0.0,0.0,0.0,0.0,0.0,0.0,0.0,0.0,0.0,0.0,0.0,0.0,0.0,0.0,0.0,0.248935,1.8394,0.676676,0.0915782,0.0,0.0,0.0,0.0,0.0,0.0,1.8394,0.0,0.0,0.0,0.676676,0.0,1.8394,0.248935,0.0,0.0,0.0,1.8394,0.0,0.0,0.676676,0.0,0.0,0.0,0.0,0.0,0.0,0.0,Linux x86_64
71,45.0,60.0,1460.0,29200.0,7.0,1.0,0.0,0.0,0.0,0.0,0.0,0.0,0.0,0.0,0.0,0.0,0.0,0.0,0.0,0.0,0.0,0.0,0.0,0.0,0.248935,1.8394,0.676676,0.0915782,0.0,0.0,0.0,0.0,0.0,0.0,1.8394,0.0,0.0,0.0,0.676676,0.0,1.8394,0.248935,0.0,0.0,0.0,1.8394,0.0,0.0,0.676676,0.0,0.0,0.0,0.0,0.0,0.0,0.0,Linux x86_64
72,45.0,60.0,1460.0,29200.0,7.0,1.0,0.0,0.0,0.0,0.0,0.0,0.0,0.0,0.0,0.0,0.0,0.0,0.0,0.0,0.0,0.0,0.0,0.0,0.0,0.248935,1.8394,0.676676,0.0915782,0.0,0.0,0.0,0.0,0.0,0.0,1.8394,0.0,0.0,0.0,0.676676,0.0,1.8394,0.248935,0.0,0.0,0.0,1.8394,0.0,0.0,0.676676,0.0,0.0,0.0,0.0,0.0,0.0,0.0,Linux x86_64
73,45.0,60.0,1460.0,29200.0,7.0,1.0,0.0,0.0,0.0,0.0,0.0,0.0,0.0,0.0,0.0,0.0,0.0,0.0,0.0,0.0,0.0,0.0,0.0,0.0,0.248935,1.8394,0.676676,0.0915782,0.0,0.0,0.0,0.0,0.0,0.0,1.8394,0.0,0.0,0.0,0.676676,0.0,1.8394,0.248935,0.0,0.0,0.0,1.8394,0.0,0.0,0.676676,0.0,0.0,0.0,0.0,0.0,0.0,0.0,Linux x86_64
74,45.0,60.0,1460.0,29200.0,7.0,1.0,0.0,0.0,0.0,0.0,0.0,0.0,0.0,0.0,0.0,0.0,0.0,0.0,0.0,0.0,0.0,0.0,0.0,0.0,0.248935,1.8394,0.676676,0.0915782,0.0,0.0,0.0,0.0,0.0,0.0,1.8394,0.0,0.0,0.0,0.676676,0.0,1.8394,0.248935,0.0,0.0,0.0,1.8394,0.0,0.0,0.676676,0.0,0.0,0.0,0.0,0.0,0.0,0.0,Linux x86_64
75,45.0,60.0,1460.0,29200.0,7.0,1.0,0.0,0.0,0.0,0.0,0.0,0.0,0.0,0.0,0.0,0.0,0.0,0.0,0.0,0.0,0.0,0.0,0.0,0.0,0.248935,1.8394,0.676676,0.0915782,0.0,0.0,0.0,0.0,0.0,0.0,1.8394,0.0,0.0,0.0,0.676676,0.0,1.8394,0.248935,0.0,0.0,0.0,1.8394,0.0,0.0,0.676676,0.0,0.0,0.0,0.0,0.0,0.0,0.0,Linux x86_64
76,49.0,60.0,1460.0,29200.0,7.0,1.0,0.0,0.0,0.0,0.0,0.0,0.0,0.0,0.0,0.0,0.0,0.0,0.0,0.0,0.0,0.0,0.0,0.0,0.0,0.248935,1.8394,0.676676,0.0915782,0.0,0.0,0.0,0.0,0.0,0.0,1.8394,0.0,0.0,0.0,0.676676,0.0,1.8394,0.248935,0.0,0.0,0.0,1.8394,0.0,0.0,0.676676,0.0,0.0,0.0,0.0,0.0,0.0,0.0,Windows NT 10.0
77,45.0,60.0,1460.0,29200.0,7.0,1.0,0.0,0.0,0.0,0.0,0.0,0.0,0.0,0.0,0.0,0.0,0.0,0.0,0.0,0.0,0.0,0.0,0.0,0.0,0.248935,1.8394,0.676676,0.0915782,0.0,0.0,0.0,0.0,0.0,0.0,1.8394,0.0,0.0,0.0,0.676676,0.0,1.8394,0.248935,0.0,0.0,0.0,1.8394,0.0,0.0,0.676676,0.0,0.0,0.0,0.0,0.0,0.0,0.0,Linux x86_64
78,45.0,60.0,1460.0,29200.0,7.0,1.0,0.0,0.0,0.0,0.0,0.0,0.0,0.0,0.0,0.0,0.0,0.0,0.0,0.0,0.0,0.0,0.0,0.0,0.0,0.248935,1.8394,0.676676,0.0915782,0.0,0.0,0.0,0.0,0.0,0.0,1.8394,0.0,0.0,0.0,0.676676,0.0,1.8394,0.248935,0.0,0.0,0.0,1.8394,0.0,0.0,0.676676,0.0,0.0,0.0,0.0,0.0,0.0,0.0,Linux x86_64
79,45.0,60.0,1460.0,29200.0,7.0,1.0,0.0,0.0,0.0,0.0,0.0,0.0,0.0,0.0,0.0,0.0,0.0,0.0,0.0,0.0,0.0,0.0,0.0,0.0,0.248935,1.8394,0.676676,0.0915782,0.0,0.0,0.0,0.0,0.0,0.0,1.8394,0.0,0.0,0.0,0.676676,0.0,1.8394,0.248935,0.0,0.0,0.0,1.8394,0.0,0.0,0.676676,0.0,0.0,0.0,0.0,0.0,0.0,0.0,Linux x86_64
80,49.0,60.0,1460.0,62727.0,7.0,1.0,0.0,0.0,0.0,0.0,0.0,0.0,0.0,0.0,0.0,0.0,0.0,0.0,0.0,0.0,0.0,0.0,0.0,0.0,0.248935,1.8394,0.676676,0.0915782,0.0,0.0,0.0,0.0,0.0,0.0,1.8394,0.0,0.0,0.0,0.676676,0.0,1.8394,0.248935,0.0,0.0,0.0,1.8394,0.0,0.0,0.676676,0.0,0.0,0.0,0.0,0.0,0.0,0.0,Mac OS X 10_11_5
81,45.0,60.0,1460.0,29200.0,7.0,1.0,0.0,0.0,0.0,0.0,0.0,0.0,0.0,0.0,0.0,0.0,0.0,0.0,0.0,0.0,0.0,0.0,0.0,0.0,0.248935,1.8394,0.676676,0.0915782,0.0,0.0,0.0,0.0,0.0,0.0,1.8394,0.0,0.0,0.0,0.676676,0.0,1.8394,0.248935,0.0,0.0,0.0,1.8394,0.0,0.0,0.676676,0.0,0.0,0.0,0.0,0.0,0.0,0.0,Linux x86_64
82,49.0,60.0,1460.0,29200.0,7.0,1.0,0.0,0.0,0.0,0.0,0.0,0.0,0.0,0.0,0.0,0.0,0.0,0.0,0.0,0.0,0.0,0.0,0.0,0.0,0.248935,1.8394,0.676676,0.0915782,0.0,0.0,0.0,0.0,0.0,0.0,1.8394,0.0,0.0,0.0,0.676676,0.0,1.8394,0.248935,0.0,0.0,0.0,1.8394,0.0,0.0,0.676676,0.0,0.0,0.0,0.0,0.0,0.0,0.0,Windows NT 10.0
83,45.0,60.0,1460.0,29200.0,7.0,1.0,0.0,0.0,0.0,0.0,0.0,0.0,0.0,0.0,0.0,0.0,0.0,0.0,0.0,0.0,0.0,0.0,0.0,0.0,0.248935,1.8394,0.676676,0.0915782,0.0,0.0,0.0,0.0,0.0,0.0,1.8394,0.0,0.0,0.0,0.676676,0.0,1.8394,0.248935,0.0,0.0,0.0,1.8394,0.0,0.0,0.676676,0.0,0.0,0.0,0.0,0.0,0.0,0.0,Linux x86_64
84,45.0,60.0,1460.0,29200.0,7.0,1.0,0.0,0.0,0.0,0.0,0.0,0.0,0.0,0.0,0.0,0.0,0.0,0.0,0.0,0.0,0.0,0.0,0.0,0.0,0.248935,1.8394,0.676676,0.0915782,0.0,0.0,0.0,0.0,0.0,0.0,1.8394,0.0,0.0,0.0,0.676676,0.0,1.8394,0.248935,0.0,0.0,0.0,1.8394,0.0,0.0,0.676676,0.0,0.0,0.0,0.0,0.0,0.0,0.0,Linux x86_64
85,45.0,60.0,1460.0,29200.0,7.0,1.0,0.0,0.0,0.0,0.0,0.0,0.0,0.0,0.0,0.0,0.0,0.0,0.0,0.0,0.0,0.0,0.0,0.0,0.0,0.248935,1.8394,0.676676,0.0915782,0.0,0.0,0.0,0.0,0.0,0.0,1.8394,0.0,0.0,0.0,0.676676,0.0,1.8394,0.248935,0.0,0.0,0.0,1.8394,0.0,0.0,0.676676,0.0,0.0,0.0,0.0,0.0,0.0,0.0,Linux x86_64
86,45.0,60.0,1460.0,29200.0,7.0,1.0,0.0,0.0,0.0,0.0,0.0,0.0,0.0,0.0,0.0,0.0,0.0,0.0,0.0,0.0,0.0,0.0,0.0,0.0,0.248935,1.8394,0.676676,0.0915782,0.0,0.0,0.0,0.0,0.0,0.0,1.8394,0.0,0.0,0.0,0.676676,0.0,1.8394,0.248935,0.0,0.0,0.0,1.8394,0.0,0.0,0.676676,0.0,0.0,0.0,0.0,0.0,0.0,0.0,Linux x86_64
87,45.0,60.0,1460.0,29200.0,7.0,1.0,0.0,0.0,0.0,0.0,0.0,0.0,0.0,0.0,0.0,0.0,0.0,0.0,0.0,0.0,0.0,0.0,0.0,0.0,0.248935,1.8394,0.676676,0.0915782,0.0,0.0,0.0,0.0,0.0,0.0,1.8394,0.0,0.0,0.0,0.676676,0.0,1.8394,0.248935,0.0,0.0,0.0,1.8394,0.0,0.0,0.676676,0.0,0.0,0.0,0.0,0.0,0.0,0.0,Linux x86_64
88,45.0,60.0,1460.0,29200.0,7.0,1.0,0.0,0.0,0.0,0.0,0.0,0.0,0.0,0.0,0.0,0.0,0.0,0.0,0.0,0.0,0.0,0.0,0.0,0.0,0.248935,1.8394,0.676676,0.0915782,0.0,0.0,0.0,0.0,0.0,0.0,1.8394,0.0,0.0,0.0,0.676676,0.0,1.8394,0.248935,0.0,0.0,0.0,1.8394,0.0,0.0,0.676676,0.0,0.0,0.0,0.0,0.0,0.0,0.0,Linux x86_64
89,45.0,60.0,1460.0,29200.0,7.0,1.0,0.0,0.0,0.0,0.0,0.0,0.0,0.0,0.0,0.0,0.0,0.0,0.0,0.0,0.0,0.0,0.0,0.0,0.0,0.248935,1.8394,0.676676,0.0915782,0.0,0.0,0.0,0.0,0.0,0.0,1.8394,0.0,0.0,0.0,0.676676,0.0,1.8394,0.248935,0.0,0.0,0.0,1.8394,0.0,0.0,0.676676,0.0,0.0,0.0,0.0,0.0,0.0,0.0,Linux x86_64
90,45.0,60.0,1460.0,29200.0,7.0,1.0,0.0,0.0,0.0,0.0,0.0,0.0,0.0,0.0,0.0,0.0,0.0,0.0,0.0,0.0,0.0,0.0,0.0,0.0,0.248935,1.8394,0.676676,0.0915782,0.0,0.0,0.0,0.0,0.0,0.0,1.8394,0.0,0.0,0.0,0.676676,0.0,1.8394,0.248935,0.0,0.0,0.0,1.8394,0.0,0.0,0.676676,0.0,0.0,0.0,0.0,0.0,0.0,0.0,Linux x86_64
91,45.0,60.0,1460.0,29200.0,7.0,1.0,0.0,0.0,0.0,0.0,0.0,0.0,0.0,0.0,0.0,0.0,0.0,0.0,0.0,0.0,0.0,0.0,0.0,0.0,0.248935,1.8394,0.676676,0.0915782,0.0,0.0,0.0,0.0,0.0,0.0,1.8394,0.0,0.0,0.0,0.676676,0.0,1.8394,0.248935,0.0,0.0,0.0,1.8394,0.0,0.0,0.676676,0.0,0.0,0.0,0.0,0.0,0.0,0.0,Linux x86_64
92,45.0,60.0,1460.0,29200.0,7.0,1.0,0.0,0.0,0.0,0.0,0.0,0.0,0.0,0.0,0.0,0.0,0.0,0.0,0.0,0.0,0.0,0.0,0.0,0.0,0.248935,1.8394,0.676676,0.0915782,0.0,0.0,0.0,0.0,0.0,0.0,1.8394,0.0,0.0,0.0,0.676676,0.0,1.8394,0.248935,0.0,0.0,0.0,1.8394,0.0,0.0,0.676676,0.0,0.0,0.0,0.0,0.0,0.0,0.0,Linux x86_64
93,45.0,60.0,1460.0,29200.0,7.0,1.0,0.0,0.0,0.0,0.0,0.0,0.0,0.0,0.0,0.0,0.0,0.0,0.0,0.0,0.0,0.0,0.0,0.0,0.0,0.248935,1.8394,0.676676,0.0915782,0.0,0.0,0.0,0.0,0.0,0.0,1.8394,0.0,0.0,0.0,0.676676,0.0,1.8394,0.248935,0.0,0.0,0.0,1.8394,0.0,0.0,0.676676,0.0,0.0,0.0,0.0,0.0,0.0,0.0,Linux x86_64
94,51.0,60.0,1400.0,64240.0,7.0,1.0,0.0,0.0,0.0,0.0,0.0,0.0,0.0,0.0,0.0,0.0,0.0,0.0,0.0,0.0,0.0,0.0,0.0,0.0,0.248935,1.8394,0.676676,0.0915782,0.0,0.0,0.0,0.0,0.0,0.0,1.8394,0.0,0.0,0.0,0.676676,0.0,1.8394,0.248935,0.0,0.0,0.0,1.8394,0.0,0.0,0.676676,0.0,0.0,0.0,0.0,0.0,0.0,0.0,Linux x86_64
95,45.0,60.0,1460.0,29200.0,7.0,1.0,0.0,0.0,0.0,0.0,0.0,0.0,0.0,0.0,0.0,0.0,0.0,0.0,0.0,0.0,0.0,0.0,0.0,0.0,0.248935,1.8394,0.676676,0.0915782,0.0,0.0,0.0,0.0,0.0,0.0,1.8394,0.0,0.0,0.0,0.676676,0.0,1.8394,0.248935,0.0,0.0,0.0,1.8394,0.0,0.0,0.676676,0.0,0.0,0.0,0.0,0.0,0.0,0.0,Linux x86_64
96,45.0,60.0,1460.0,29200.0,7.0,1.0,0.0,0.0,0.0,0.0,0.0,0.0,0.0,0.0,0.0,0.0,0.0,0.0,0.0,0.0,0.0,0.0,0.0,0.0,0.248935,1.8394,0.676676,0.0915782,0.0,0.0,0.0,0.0,0.0,0.0,1.8394,0.0,0.0,0.0,0.676676,0.0,1.8394,0.248935,0.0,0.0,0.0,1.8394,0.0,0.0,0.676676,0.0,0.0,0.0,0.0,0.0,0.0,0.0,Linux x86_64
97,49.0,60.0,1460.0,62727.0,7.0,1.0,0.0,0.0,0.0,0.0,0.0,0.0,0.0,0.0,0.0,0.0,0.0,0.0,0.0,0.0,0.0,0.0,0.0,0.0,0.248935,1.8394,0.676676,0.0915782,0.0,0.0,0.0,0.0,0.0,0.0,1.8394,0.0,0.0,0.0,0.676676,0.0,1.8394,0.248935,0.0,0.0,0.0,1.8394,0.0,0.0,0.676676,0.0,0.0,0.0,0.0,0.0,0.0,0.0,Mac OS X 10_11_5
98,52.0,60.0,1400.0,64240.0,7.0,1.0,0.0,0.0,0.0,0.0,0.0,0.0,0.0,0.0,0.0,0.0,0.0,0.0,0.0,0.0,0.0,0.0,0.0,0.0,0.248935,1.8394,0.676676,0.0915782,0.0,0.0,0.0,0.0,0.0,0.0,1.8394,0.0,0.0,0.0,0.676676,0.0,1.8394,0.248935,0.0,0.0,0.0,1.8394,0.0,0.0,0.676676,0.0,0.0,0.0,0.0,0.0,0.0,0.0,Linux x86_64
99,45.0,60.0,1460.0,29200.0,7.0,1.0,0.0,0.0,0.0,0.0,0.0,0.0,0.0,0.0,0.0,0.0,0.0,0.0,0.0,0.0,0.0,0.0,0.0,0.0,0.248935,1.8394,0.676676,0.0915782,0.0,0.0,0.0,0.0,0.0,0.0,1.8394,0.0,0.0,0.0,0.676676,0.0,1.8394,0.248935,0.0,0.0,0.0,1.8394,0.0,0.0,0.676676,0.0,0.0,0.0,0.0,0.0,0.0,0.0,Linux x86_64
100,47.0,60.0,1460.0,64240.0,7.0,1.0,0.0,0.0,0.0,0.0,0.0,0.0,0.0,0.0,0.0,0.0,0.0,0.0,0.0,0.0,0.0,0.0,0.0,0.0,0.248935,1.8394,0.676676,0.0915782,0.0,0.0,0.0,0.0,0.0,0.0,1.8394,0.0,0.0,0.0,0.676676,0.0,1.8394,0.248935,0.0,0.0,0.0,1.8394,0.0,0.0,0.676676,0.0,0.0,0.0,0.0,0.0,0.0,0.0,Windows NT 10.0
